{"cameraMode":{"drawMode":0,"name":"Shaded","section":"Shading Mode"},"sceneLighting":true,"audioPlay":false,"sceneViewState":{"showFog":true,"showMaterialUpdate":false,"showSkybox":true,"showFlares":true,"showImageEffects":true,"showParticleSystems":true,"showVisualEffectGraphs":true,"m_FxEnabled":true},"in2DMode":false,"pivot":{"x":0.16076064109802247,"y":-2.8301405906677248,"z":-1.0096774101257325},"rotation":{"x":0.08607686311006546,"y":0.9033566117286682,"z":-0.3606122136116028,"w":0.21561723947525025},"size":5.155632972717285,"orthographic":false}